Metric,Score
ROUGE-1,0.3979155304202482
ROUGE-2,0.1744800842508768
ROUGE-L,0.27436248320275075
BLEU,0.14792334477634173
