model,rouge1,rouge2,rougeL,bleu
t5-small,0.3762579637895562,0.1620793679273938,0.2671632917724013,0.14950466314766497
